CMS	Version	MD5
Drupal	4.7.0	becc2288fb70089d0ba29835bd69cf7a
Drupal	4.7.10	40305205b7921b544afdb694f0bd7cfc
Drupal	4.7.11	7443af32aa26ff9710bb15fe95607c2b
Drupal	4.7.1	46803ea216fe48bdfcbe7adaa4a09e4a
Drupal	4.7.2	9f02188540e0ffde08a627dbe061f533
Drupal	4.7.3	2a7b8a6fe32929be66520aeb43c6efd0
Drupal	4.7.4	e6d4b383abc73ffd3280855d94da7100
Drupal	4.7.5	f9981714ea6f071056c471e600be0727
Drupal	4.7.6	ac05ff02fc29e420ca75a537e17ad4ef
Drupal	4.7.7	a216343121a81a126da75e10c465a1da
Drupal	4.7.8	cd68b6f4f1b5102991de0a00eb2545e7
Drupal	4.7.9	e88b68a777b3da8635f1e498157a66c4
Drupal	5.0	c9ef6f2e003a51bf2d717bf18533449d
Drupal	5.10	194573574fa000fa693eee0c9dd34a3e
Drupal	5.11	a953f90ddd4db79c9f49c012df55dd77
Drupal	5.12	c2bf440209fefc55ceeb3c03865392ec
Drupal	5.13	cff5e5fd88b0a22ee21559ebb201df2a
Drupal	5.14	4873ba00881268d04cffba0a82060ffc
Drupal	5.15	c0a73dda8845d636ab7932f7d6542d61
Drupal	5.16	cf59d099296ce4d5c978135f7a975a8d
Drupal	5.17	ce3a480b2da212dfaaae686448a5ebc5
Drupal	5.18	4aab0f029007b5365ab7f4e00e51cb20
Drupal	5.19	f1b0e32674fd8fa5d6295eb12bd4a67b
Drupal	5.1	f50c5a74726abac86c2c79a58536ec4b
Drupal	5.20	42e1490702cabe0ecb124342a7084161
Drupal	5.21	3a8040276f2aa716721699d325b035ca
Drupal	5.22	e351ca8420e3221c1f7db554ca21911b
Drupal	5.23	1099db3cfaad8260a8422bdf973024d2
Drupal	5.2	3120bfcbe1ce6c29c50d28d70cca8f2f
Drupal	5.3	ac3186c741a06d83024d7e4aaf06a8df
Drupal	5.4	3a79f3fccf6a64381059cbd480500c7b
Drupal	5.5	8e467aab453093341be996513a03fa92
Drupal	5.6	f24d07bd8997283d678fd6ad908f780c
Drupal	5.7	c4895824937b78bea640578538dfd2a9
Drupal	5.8	92fc900b6072496b2ffa8da42cc24bf3
Drupal	5.9	c169204646e20d06114249a4a3d960fc
Drupal	6.0	222f47795c5a48909376cef9728b3652
Drupal	6.10	9d3546e991ffba015a6b57ce445caf03
Drupal	6.11	7e3cfdd79d80ab13517d784d8ad6a0b1
Drupal	6.12	6d02acfa1a7f0856876d4c72706435d7
Drupal	6.13	236916121a511de71b3ed271a7a9742c
Drupal	6.14	41339a8f92c0b18bd02a5e9f93e1252b
Drupal	6.15	79d4bfe249a6f0af26260be1aac06525
Drupal	6.16	bcc6c6f2db3da0ae13908ba1e144b070
Drupal	6.17	9cc81e3da698f965b95df9f8ff3cd16f
Drupal	6.18	d1f718b79968e1d174bb91a9ee763998
Drupal	6.19	004477c0cfaaa7a589a7d85b2cc505fa
Drupal	6.1	e1eb1056c0ba8dd5302d64ea468ea7d0
Drupal	6.20	b54c033af08c823221535ed0677242ba
Drupal	6.21	f6a6fefda7509ecd7a3dc7eba7e380be
Drupal	6.22	6da86d0653cd749b7ef5c59d6560b1f1
Drupal	6.23	aeb74a5dbcd3a1adcc0ca8b78449e50f
Drupal	6.24	5f493f3c41807aadb2e34e2644d6186e
Drupal	6.25	69067a08b19093a79ba8e620adf9dbe9
Drupal	6.26	fe13f306dc2d18faef0781339205e269
Drupal	6.27	fd8f769a1a4a770a9ff0ba4de7094b7a
Drupal	6.28	8159c0b8908ab0780207006f509d8297
Drupal	6.29	168eb5e9bdb2c43d62fe5de2ec25eafa
Drupal	6.2	efa6e411bb61444c020e931c4543b2f6
Drupal	6.30	3cedd331b876ec30980aa595964b647c
Drupal	6.31	d236b109c1f8fae45cf40586cc40e9c2
Drupal	6.32	184984599c390685108fb03ed86db554
Drupal	6.33	01f8136e06aee97852dc1547a211fc74
Drupal	6.34	8e972000593092d3cf3cec0bd0f798ec
Drupal	6.35	c8f86b7f810a0cb61803ec2c65112899
Drupal	6.36	65f882607ff6509eb191d4e6202f043d
Drupal	6.37	328b61bdf725ac2b1addd101dbea1676
Drupal	6.38	ec0e18dde45b56a5d172892f18e2b0c2
Drupal	6.3	d46048e276a7f523ae1475b465bb6dbc
Drupal	6.4	2f7fd8d84e99e61873fb06082a98a550
Drupal	6.5	92306257e7bd195b662d851b6857c0db
Drupal	6.6	33ab8648bf45397b455d665219beae54
Drupal	6.7	6b94ca6e5c3daa847f3d24979b841973
Drupal	6.8	90a55f1aaa3e31ed4736bee56ffde496
Drupal	6.9	b854e8a96bd5b95dd4285c155878a990
Drupal	7.0	1193b01ba75f425e7cf5be5857562bb6
Drupal	7.10	c2cecc83ec443b111b09beeb3e525d32
Drupal	7.11	4dcfe6f20e161497b8a8c969f57cf9ae
Drupal	7.12	750fc8fada9ada1044e2f47927771c1b
Drupal	7.13	ca11b070227bcf518e64884a83b7f78e
Drupal	7.14	fa02637f87ad76f18b3b97aed66753d2
Drupal	7.15	30ca3761d02c5a025d5caea0e76b43c2
Drupal	7.16	ad2968774051eb5479dc709ce87ba7e2
Drupal	7.17	919a4daf02fad61f623fc2f8ff686640
Drupal	7.18	e4e2ab8f1b84c77e14cb742c8275e906
Drupal	7.19	a6548e2a131e814eb78e0fb5e0170c69
Drupal	7.1	cbecaf7c4da3a9503fc7528fc9655ef3
Drupal	7.20	66fb72fce833f76801de24ad24b84377
Drupal	7.21	756587439d2dd9fce15110a2f08620fe
Drupal	7.22	dfd6807a045b68b02964dd8269e50ff7
Drupal	7.23	33cdc361555923382d4dd72e657ad7bc
Drupal	7.24	752e21ba08a2d988806034151120cb21
Drupal	7.25	853320639aec176c29fa58af34e20bef
Drupal	7.26	da1fdf2e2e07c5492c76759b592da669
Drupal	7.27	cedcdbb21a0b0946b264fecc48a20703
Drupal	7.28	d56858b074520fc947a7739c03031cbc
Drupal	7.29	a73760e71235a045989fce8ed0525b80
Drupal	7.2	f1115ca52f7441b0fb35dbf2d8ceea8a
Drupal	7.30	0dc4dee7ee83ab17bd09ddd73c14e0c0
Drupal	7.31	85f9505fcf687b9fd4b55d2e60393436
Drupal	7.32	f0add58c8139bdee0e70756b3e5ce3d1
Drupal	7.33	4ee104a47fbf9939cade2787e47b2c2a
Drupal	7.34	34335e648b3cbd720cc3ed86f88c1d26
Drupal	7.35	0ec14c07158a08aab9dda25d1893ab34
Drupal	7.36	38ab3c6e309efd8119ff6496ae7cbbc0
Drupal	7.37	b3a9ba3846e041b02a02855667011e64
Drupal	7.38	947b04948fd53beab411bd04f4159c4d
Drupal	7.39	d16d97ab20cf77a9f742f86607477b79
Drupal	7.3	8a405ef6f0956fab84462cbc747bb4ee
Drupal	7.40	42f49a0b102f4d573116c64521088f01
Drupal	7.41	9d7fde3929439d55f30ffc1e18adaa09
Drupal	7.42	5cfe62f3cc57ba51dcf61f345d7738c4
Drupal	7.43	663f2e16139375307d62ac4a0d1641cd
Drupal	7.44	60da9d61f4d262cbcc5c9661355d673d
Drupal	7.4	7d574236459eba874b0a0b45a0269251
Drupal	7.50	b141931e0b2944d1d7111276dc839678
Drupal	7.51	c2681f3493c5c534f0cc38a1226fdbf4
Drupal	7.52	73b76e937430b4ae3ce4a6c720f2ed8c
Drupal	7.53	e46761c5eadfd69f5f57ac2e6712cd2f
Drupal	7.54	f4b657ab95179c20b5a84cc7acf16145
Drupal	7.55	bc769ba2af7b560bb959271341aee952
Drupal	7.56	9ae2fdeaa348cd7cff1e41bd9ba3ff5c
Drupal	7.57	c1150db41e8c02038303cc7f3eb427b0
Drupal	7.58	304b9e98d005eac19b620778a421b361
Drupal	7.59	b3827b60eb7a5d1216337fd808428dd7
Drupal	7.5	3dea36f6e8d7cad2ea47d5829917f62c
Drupal	7.6	3dea36f6e8d7cad2ea47d5829917f62c
Drupal	7.7	2e1049b34cf095563cff4a1ab85b99c2
Drupal	7.8	767cff2a1756be6db518b8cb9c360f5c
Drupal	7.9	05c35ea41cde4ed14642b8a6f79cc353
Spip	3.0.27	fbeaac49b4d2de8ead70df51a7d36513
Spip	3.0.26	8db390f7d94791f46d147088e258bdf1
Spip	3.0.25	567611eee8455db395d47c07a55b4ed4
Spip	3.0.24	cb18fdcfb6e6bfbabbc7657052794f34
Spip	3.0.23	
Spip	3.0.22	b182df2758906270ec8584b489c7f676
Spip	3.0.21	5fa0f5b7a8c5fb53f250fb4f16fb5093
Spip	3.0.20	56a0073df22df335b05e54b28a244448
Spip	3.0.19	29b3265a80b9dd58059ab861580767d5
Spip	3.0.17	b99dd8f6a2327ce0275e43d516461461
Spip	3.0.17	b8a5fee6dba0f6ef6fa250ef0ed21d79
Spip	3.0.16	6ea7c0fd24623bc1d5ddba4eb449cfef
Spip	3.0.15	21554e06b16f04eb9dfbf4b805e1b73b
Spip	3.0.14	adb2ad67e104a5b5456dfad9c5c3b12e
Spip	3.0.13	02ebdf324c7bf56d953a152c5594d26d
Spip	3.0.13	b18a697af1ed81e1ff1d553f7f90b33d
Spip	3.0.12	
Spip	3.0.11	69ea8b81bfec4bc90495d8a35f10455c
Spip	3.0.10	
Spip	3.0.9	5e89ab20e14b9f5844aff3ecd2064e51
Spip	3.0.8	
Spip	3.0.7	
Spip	3.0.6	
Spip	3.0.5	8073d96a30f770556c960074767da660
Spip	3.0.4	3c4c9d9f70c279fa80467f2458eee914
Spip	3.0.3	f96c4c0b3210027bae837d1ab0472cb0
Spip	3.0.2	
Spip	3.1.8	f06e3bc951abec8a800ce5a6c9655ae1
Spip	3.1.7	5a40b850df1ec2f961369bc060161ddf
Spip	3.1.6	96377df912c505215c69b84ae3bc1b14
Spip	3.1.6	68ca3d0e4d2592f93d89fc6afc039589
Spip	3.1.5	
Spip	3.1.4	a7568f895f838cea3139645c9f1f8ba6
Spip	3.1.3	786783759688adaa58a09b4f93e32434
Spip	3.1.2
Spip	3.1.1	4833e1d8ebcf221be961b02a468343a4	
Spip	2.1.30	7ab7f2a40b0d54966e5d812ab2809bcf
Spip	2.1.29	ebb24364e6c845cfd17c2269b53b53ac
Spip	2.1.29	d3cea5d4da3cbd3df0ab085dfe543b01
Spip	2.1.28	be1c0361f9fed64cd014501e6e871873
Spip	2.1.27	871dbe56f50f893fe13cfa3f343c5b21
Spip	2.1.26	b61c7a5c7da8b1159005c5eaa19900c4
Spip	2.1.23	631f959e56789e9c7896ab71ee2ee02f
Spip	2.1.14	0e2c321427b4047d223f35050cab7af7
Spip	2.1.12	7349bde2636406b6e391b275c4eab267
Spip	2.1.11	1775c548769a5107ee55c45af387b0e0
Spip	2.1.9	0790546c2bae2fea4e087d397fd4b99f
Spip	2.1.8	499c042e7896909a10781b5471a68dd0
Spip	2.1.1	6cd2b29eeb5c54fa4cdccce5081279ab
Spip	2.1.0	b2b8516b4a7857d65dbb6b2785fdbcfa
Spip	2.0.26	be4c6a025971039f3184dc45b096683b
Spip	2.0.17	3b70896f2b7ae4d9806bab2ce960f9bf
Spip	2.0.10	9b9c6decc0f959e47903cf24ee8b0c30
Spip	2.0.8	7f930d7b3bf399a2d8927b03b4be39de
Spip	2.0.6	f5e907522956555e525794f218e43f1e
Spip	2.0.3	fd12286520dcb9520a7f7122c669b289
Spip	2.0.2	6964d9a70ea6033ca5cc18444be02373
Spip	2.0.1	028b87de997dc0503e2d4bf42131c4d7
Contao	2.9.3	ef3fde9f072a6aa11b58fa8c84740a4a
Contao	2.10.3	008b6f59ae7a0f3cebdfa835ae009b87
TYPOlight	2.8.3	d148d9a4df28231a1cf4fbe148517584
TYPOlight	2.7.5	19f9f45683ff62d3981eb35e77ec38e1
